x0,x1,x2,x3,x4,x5,x6,x7,x8,x9,x10,x11,x12,x13,x14,x15,x16,x17,x18,x19,x20,x21,x22,x23,x24,x25,x26,x27,x28,x29,x30,x31,x32,x33,x34,x35,x36,x37,x38,x39,x40,x41,x42,x43,x44,x45,x46,x47,x48,x49,x50,x51,x52,x53,x54,x55,x56,x57,x58,x59,x60,x61,x62,label
0.2626469135284424,0.6668863296508789,-2.8472916824284766e-07,0.3479286730289459,0.6296073794364929,-0.02354772575199604,0.42384302616119385,0.5511189103126526,-0.03479386493563652,0.4880470037460327,0.498745858669281,-0.04904085397720337,0.5463002324104309,0.4915773868560791,-0.0609457865357399,0.3751526474952698,0.45560964941978455,-8.061106927925721e-05,0.3988073468208313,0.40080633759498596,-0.03539314121007919,0.37880033254623413,0.468639075756073,-0.056401390582323074,0.36327967047691345,0.5274147391319275,-0.06353842467069626,0.3293856978416443,0.44741928577423096,-0.0019467450911179185,0.35652637481689453,0.3893880844116211,-0.04198578745126724,0.337716281414032,0.4775567054748535,-0.05226026847958565,0.32386887073516846,0.5428435206413269,-0.047324083745479584,0.2806399464607239,0.4481642544269562,-0.010559577494859695,0.3049638867378235,0.40033823251724243,-0.04932152107357979,0.2970971465110779,0.48841091990470886,-0.04237690567970276,0.2896588444709778,0.5506505370140076,-0.024312831461429596,0.22793075442314148,0.45473477244377136,-0.021444162353873253,0.25614628195762634,0.4096158742904663,-0.044091396033763885,0.26321226358413696,0.47239989042282104,-0.03404204547405243,0.2625361382961273,0.5222445130348206,-0.01829327642917633,A
0.2519933879375458,0.6496491432189941,-2.8054282097400574e-07,0.33480480313301086,0.6092055439949036,-0.022824730724096298,0.4067080020904541,0.5289531350135803,-0.03302419185638428,0.4663407802581787,0.4734150469303131,-0.04642639681696892,0.5226278305053711,0.46257221698760986,-0.057481903582811356,0.35624080896377563,0.4404088258743286,0.002372853457927704,0.3787918984889984,0.3830776810646057,-0.03294125944375992,0.3611803352832794,0.4494621753692627,-0.05391805246472359,0.3473266661167145,0.5100798010826111,-0.060603588819503784,0.31149056553840637,0.4337726831436157,0.00029791114502586424,0.33708032965660095,0.37120676040649414,-0.03985971957445145,0.32070693373680115,0.4570204019546509,-0.05080360919237137,0.3085417151451111,0.5242295861244202,-0.045964233577251434,0.26384294033050537,0.43502452969551086,-0.00866222195327282,0.2867335379123688,0.3819074034690857,-0.047864045947790146,0.2807656228542328,0.4679698050022125,-0.041990283876657486,0.27480894327163696,0.5321460962295532,-0.024288445711135864,0.21207472681999207,0.4419642686843872,-0.019840095192193985,0.2398274540901184,0.3941105008125305,-0.0433628186583519,0.247773215174675,0.45519065856933594,-0.0343133918941021,0.24738255143165588,0.5062153935432434,-0.019016936421394348,A
0.2518056631088257,0.6499003171920776,-2.840019135419425e-07,0.3332587480545044,0.6119645833969116,-0.02361948788166046,0.40541499853134155,0.5321283340454102,-0.03428485989570618,0.4654439091682434,0.476030558347702,-0.04793979972600937,0.5220435261726379,0.46507593989372253,-0.05913073569536209,0.3562350273132324,0.4411134719848633,0.0016648824093863368,0.37861302495002747,0.38432577252388,-0.0341547429561615,0.36093592643737793,0.4508451521396637,-0.05549643188714981,0.34753677248954773,0.5119451284408569,-0.062329478561878204,0.3117169737815857,0.43448203802108765,-1.9800596419372596e-05,0.3371872901916504,0.3724863529205322,-0.040595490485429764,0.32081303000450134,0.4580727517604828,-0.051616642624139786,0.30918070673942566,0.525680422782898,-0.04665959253907204,0.2642834782600403,0.4355577826499939,-0.008682869374752045,0.2869876027107239,0.3838460445404053,-0.04823671653866768,0.28093594312667847,0.46954047679901123,-0.04253055900335312,0.2753189206123352,0.5334511399269104,-0.02480977773666382,0.21312856674194336,0.44222933053970337,-0.019612036645412445,0.24100175499916077,0.39489734172821045,-0.043249860405921936,0.24849125742912292,0.4555197060108185,-0.03431478515267372,0.24811311066150665,0.5061863660812378,-0.019026489928364754,A
0.25530895590782166,0.6528905630111694,-2.8273365160202957e-07,0.3373197317123413,0.613964319229126,-0.02354484796524048,0.4095727503299713,0.5330415964126587,-0.03396638482809067,0.46954840421676636,0.47727033495903015,-0.047323811799287796,0.5263860821723938,0.4670847952365875,-0.05820368230342865,0.3593484163284302,0.4437723755836487,0.0004936077166348696,0.3816516697406769,0.38620084524154663,-0.03512751683592796,0.363821417093277,0.45320138335227966,-0.055801328271627426,0.3504802882671356,0.5134971737861633,-0.062290869653224945,0.3144560754299164,0.43715253472328186,-0.0012238656636327505,0.3402632772922516,0.3744637966156006,-0.04202360659837723,0.32370850443840027,0.4604755938053131,-0.05267880856990814,0.31181779503822327,0.527559220790863,-0.04754539206624031,0.26682549715042114,0.4381335377693176,-0.009842447005212307,0.28999751806259155,0.38592174649238586,-0.04969654232263565,0.28385329246520996,0.4722493588924408,-0.04376938194036484,0.2781565189361572,0.5364373922348022,-0.02588547393679619,0.21524745225906372,0.4446536898612976,-0.020705342292785645,0.24318021535873413,0.3972741365432739,-0.044603075832128525,0.2514190077781677,0.4579900801181793,-0.03587142005562782,0.2518116235733032,0.5089027285575867,-0.020775465294718742,A
0.25546780228614807,0.6508674025535583,-2.940531089734577e-07,0.3377252221107483,0.6116639375686646,-0.022255802527070045,0.40962302684783936,0.5324355363845825,-0.03217098116874695,0.46987730264663696,0.477173388004303,-0.04520856589078903,0.525665283203125,0.4653913676738739,-0.055898334830999374,0.3595942258834839,0.4449530839920044,0.0009547891095280647,0.3816778361797333,0.38628315925598145,-0.0333186499774456,0.3648502230644226,0.4521925747394562,-0.053389810025691986,0.35155579447746277,0.511873185634613,-0.05972954258322716,0.31531238555908203,0.4376091957092285,-0.0010031616548076272,0.34000006318092346,0.37451598048210144,-0.03990981727838516,0.32446789741516113,0.4595811665058136,-0.05002981796860695,0.31285592913627625,0.5257468223571777,-0.04521980509161949,0.26794755458831787,0.4378092885017395,-0.009604201652109623,0.28993529081344604,0.38544926047325134,-0.04779629781842232,0.284358948469162,0.471103310585022,-0.04168204218149185,0.2785997688770294,0.534726619720459,-0.024295521900057793,0.2162964642047882,0.4437454640865326,-0.020352957770228386,0.24331466853618622,0.3959417939186096,-0.043136872351169586,0.2519340217113495,0.45554229617118835,-0.03418432176113129,0.252444326877594,0.505691647529602,-0.019352227449417114,A
0.25074657797813416,0.6583356261253357,-2.6985685508407187e-07,0.33424463868141174,0.6189157366752625,-0.023712696507573128,0.4075237512588501,0.5389185547828674,-0.03432022035121918,0.4682298004627228,0.48256921768188477,-0.048014719039201736,0.5250373482704163,0.4712620675563812,-0.059165701270103455,0.3575725853443146,0.44795504212379456,0.002236999338492751,0.38157522678375244,0.39009660482406616,-0.03336223587393761,0.3631572127342224,0.45700132846832275,-0.054503634572029114,0.34909093379974365,0.5179930925369263,-0.061250582337379456,0.31281954050064087,0.44066697359085083,0.0007167698931880295,0.3391300141811371,0.3782700300216675,-0.039775550365448,0.3221498131752014,0.4637833833694458,-0.051048826426267624,0.30997228622436523,0.5314992666244507,-0.04635034129023552,0.2649901211261749,0.4410914182662964,-0.007838435471057892,0.28872817754745483,0.38998815417289734,-0.047293372452259064,0.2819110155105591,0.4762173593044281,-0.041943032294511795,0.2758456766605377,0.5411033630371094,-0.02442501112818718,0.21334075927734375,0.44704779982566833,-0.018678104504942894,0.24122872948646545,0.4006917476654053,-0.0422060564160347,0.24988244473934174,0.4612419307231903,-0.033840931951999664,0.25090134143829346,0.5126809477806091,-0.018953990191221237,A
0.24894846975803375,0.6584329605102539,-2.7867687890648085e-07,0.33130207657814026,0.6190820336341858,-0.02349528856575489,0.403754323720932,0.5380469560623169,-0.03429224342107773,0.4646111726760864,0.48138293623924255,-0.04812685400247574,0.5223715305328369,0.4701988101005554,-0.059533026069402695,0.355055570602417,0.4488070011138916,0.001506576663814485,0.3776813745498657,0.39061158895492554,-0.03475094959139824,0.3600069582462311,0.45805975794792175,-0.05624436214566231,0.3463124632835388,0.52021324634552,-0.06312853842973709,0.31063926219940186,0.4413232207298279,-0.00029246456688269973,0.3362561762332916,0.3781817555427551,-0.04133281111717224,0.3192799687385559,0.4643619954586029,-0.052477993071079254,0.3068137764930725,0.5325267314910889,-0.047520071268081665,0.2629164457321167,0.44184839725494385,-0.0090947849676013,0.2856573462486267,0.38941240310668945,-0.04894060641527176,0.27914753556251526,0.4761095643043518,-0.04314596578478813,0.2734334170818329,0.5406565070152283,-0.025288302451372147,0.2110680490732193,0.4484028220176697,-0.020142195746302605,0.2384466826915741,0.40160831809043884,-0.04401169717311859,0.2466997504234314,0.4630046784877777,-0.03530733287334442,0.24741947650909424,0.5138673186302185,-0.020164450630545616,A
0.245832622051239,0.6626954078674316,-2.683891295873764e-07,0.32968562841415405,0.6228845119476318,-0.02328067645430565,0.4022667407989502,0.5413817763328552,-0.033138103783130646,0.4629306197166443,0.4853769838809967,-0.04636448994278908,0.5198266506195068,0.4747549593448639,-0.05733918771147728,0.3527420461177826,0.45309197902679443,0.004817720968276262,0.37538793683052063,0.39555442333221436,-0.03159957006573677,0.3578231632709503,0.4607124328613281,-0.05422232300043106,0.34453561902046204,0.5226295590400696,-0.061827510595321655,0.3082292079925537,0.4457211494445801,0.0029995383229106665,0.3334384560585022,0.383609801530838,-0.03878767788410187,0.3168836236000061,0.46756306290626526,-0.05171145498752594,0.3048456013202667,0.5364941954612732,-0.04767260700464249,0.2604648470878601,0.4459097683429718,-0.006054711993783712,0.282924622297287,0.39450979232788086,-0.046689171344041824,0.2765231132507324,0.4799608290195465,-0.042535025626420975,0.270926296710968,0.5455136895179749,-0.02533351257443428,0.20863208174705505,0.4515807628631592,-0.01738361455500126,0.23565351963043213,0.40629905462265015,-0.041908372193574905,0.24370557069778442,0.4669645428657532,-0.034229397773742676,0.24443185329437256,0.5182613730430603,-0.01953510195016861,A
0.24616238474845886,0.6631312370300293,-2.88527388647708e-07,0.32917094230651855,0.6250156760215759,-0.02341424860060215,0.4025982618331909,0.5424750447273254,-0.03359532728791237,0.4638957977294922,0.48584282398223877,-0.0467650406062603,0.5213014483451843,0.4748947322368622,-0.057686977088451385,0.3527127504348755,0.45450836420059204,0.000994398258626461,0.37479859590530396,0.3961845636367798,-0.03449911251664162,0.3572365939617157,0.4630891978740692,-0.05550031363964081,0.34379735589027405,0.5250225067138672,-0.06222590431571007,0.30807316303253174,0.44753915071487427,-0.0005438278312794864,0.33307570219039917,0.38473251461982727,-0.04107251763343811,0.3161759674549103,0.4708382189273834,-0.05199269577860832,0.30390211939811707,0.539115846157074,-0.047058410942554474,0.26045745611190796,0.4482964277267456,-0.008984923362731934,0.28263816237449646,0.39588406682014465,-0.0482526533305645,0.2760644555091858,0.4827643632888794,-0.042390111833810806,0.27015402913093567,0.5474886298179626,-0.0246873926371336,0.20882008969783783,0.45453715324401855,-0.019692808389663696,0.23515921831130981,0.40771758556365967,-0.0433153361082077,0.24317128956317902,0.4689175486564636,-0.034774038940668106,0.24372680485248566,0.5195361971855164,-0.019901569932699203,A
0.25320571660995483,0.6577315926551819,-2.6278524956069305e-07,0.33608439564704895,0.6190721988677979,-0.023626048117876053,0.40760713815689087,0.5339370369911194,-0.033614736050367355,0.46570366621017456,0.4702771008014679,-0.0466022714972496,0.5212564468383789,0.44710788130760193,-0.05743291229009628,0.35676679015159607,0.45079872012138367,0.002001758897677064,0.3784896433353424,0.3935983180999756,-0.03475836291909218,0.3643586337566376,0.4593753218650818,-0.05713452026247978,0.3528449237346649,0.522468626499176,-0.06415557116270065,0.3120998740196228,0.4440687596797943,0.0005786985857412219,0.33860817551612854,0.3818046748638153,-0.04059769958257675,0.3235262632369995,0.46578261256217957,-0.05287693813443184,0.3115180730819702,0.5356729030609131,-0.048653069883584976,0.26444000005722046,0.4446607828140259,-0.008043330162763596,0.28806158900260925,0.3949946165084839,-0.048472512513399124,0.2821538746356964,0.4805321991443634,-0.044361412525177,0.276281476020813,0.5465513467788696,-0.02729545161128044,0.21288332343101501,0.45022568106651306,-0.018841644749045372,0.24170753359794617,0.4040018618106842,-0.04290119931101799,0.25083088874816895,0.46275585889816284,-0.03511648625135422,0.25130146741867065,0.5144301056861877,-0.020584343001246452,A
0.2580023407936096,0.6580356359481812,-2.797739000470756e-07,0.34138140082359314,0.6198527812957764,-0.023780224844813347,0.4121800363063812,0.5326936841011047,-0.03369840607047081,0.46808189153671265,0.46429386734962463,-0.04611186683177948,0.5231379866600037,0.4361761510372162,-0.05633184686303139,0.362705260515213,0.4516790509223938,-0.00044069852447137237,0.3852459490299225,0.39365583658218384,-0.03583483397960663,0.3696756958961487,0.45927584171295166,-0.05674128606915474,0.3568669259548187,0.520432710647583,-0.06320261210203171,0.31794095039367676,0.44451138377189636,-0.0013141597155481577,0.34383729100227356,0.3825070559978485,-0.040795497596263885,0.3284093141555786,0.4670087695121765,-0.05161469429731369,0.31669676303863525,0.5355807542800903,-0.04704786092042923,0.27001115679740906,0.44535282254219055,-0.009044460020959377,0.29363688826560974,0.3957490921020508,-0.04846387729048729,0.2871543765068054,0.4825076758861542,-0.04291027784347534,0.28124386072158813,0.5478781461715698,-0.025464694947004318,0.2179628312587738,0.451449990272522,-0.018849767744541168,0.24738912284374237,0.4053163528442383,-0.04263969138264656,0.2556280493736267,0.46578025817871094,-0.03400134667754173,0.25554609298706055,0.516989529132843,-0.019149260595440865,A
0.25812849402427673,0.6567704081535339,-2.7304804461891763e-07,0.3413601517677307,0.6195682883262634,-0.021745599806308746,0.41094380617141724,0.5266367197036743,-0.029500016942620277,0.4640001654624939,0.4593994915485382,-0.039996955543756485,0.5178041458129883,0.439900666475296,-0.048704810440540314,0.36164554953575134,0.4500771760940552,0.0009277132339775562,0.3849365711212158,0.3965316712856293,-0.03250010311603546,0.36730653047561646,0.4615790843963623,-0.0519845150411129,0.35286203026771545,0.5207766890525818,-0.057790521532297134,0.3171643912792206,0.44388309121131897,-0.0004430428089108318,0.34473374485969543,0.38524460792541504,-0.03852509334683418,0.3276381492614746,0.468659907579422,-0.04829687252640724,0.3144031763076782,0.5368337035179138,-0.042825620621442795,0.2698019742965698,0.446000337600708,-0.008401686325669289,0.2945915460586548,0.39807790517807007,-0.04644753038883209,0.28757116198539734,0.48477810621261597,-0.04102680832147598,0.2809862494468689,0.550606906414032,-0.023617710918188095,0.21934452652931213,0.4528566300868988,-0.01828290894627571,0.249821275472641,0.40752387046813965,-0.04100627079606056,0.25715896487236023,0.46666842699050903,-0.03264482691884041,0.25650453567504883,0.5169169306755066,-0.018133049830794334,A
0.25205808877944946,0.6559516787528992,-2.529601772494061e-07,0.3336597681045532,0.6169186234474182,-0.022417673841118813,0.4037761688232422,0.5266161561012268,-0.030718810856342316,0.459242582321167,0.46233463287353516,-0.041974104940891266,0.5133312940597534,0.4408908486366272,-0.051276084035634995,0.35473185777664185,0.4492340087890625,0.003114691935479641,0.3781297206878662,0.39516305923461914,-0.03265877813100815,0.3623148798942566,0.46048176288604736,-0.0545027069747448,0.3493449091911316,0.5216416716575623,-0.061304569244384766,0.31110823154449463,0.4424312114715576,0.0015959447482600808,0.33935242891311646,0.3842482566833496,-0.038996241986751556,0.32192912697792053,0.4672906994819641,-0.050767119973897934,0.3079044222831726,0.5369493365287781,-0.04587791487574577,0.26368653774261475,0.4429326355457306,-0.006983810570091009,0.2880874574184418,0.3970818519592285,-0.04717879369854927,0.2805461883544922,0.48301416635513306,-0.04297555238008499,0.2739110589027405,0.5494054555892944,-0.025589903816580772,0.21220579743385315,0.4476766586303711,-0.017605552449822426,0.24170926213264465,0.4060947895050049,-0.042295485734939575,0.24906381964683533,0.4665229916572571,-0.03478130325675011,0.24860268831253052,0.5177139043807983,-0.02014278806746006,A
0.24790167808532715,0.6554257273674011,-2.74773299224762e-07,0.33070918917655945,0.617680013179779,-0.02147158980369568,0.401149183511734,0.5253111124038696,-0.029078004881739616,0.45693346858024597,0.4594963490962982,-0.03979865461587906,0.5109176635742188,0.4405244290828705,-0.04875532537698746,0.3513719141483307,0.4498273730278015,0.002602542284876108,0.37373560667037964,0.39348095655441284,-0.03165847435593605,0.35699471831321716,0.4582708179950714,-0.0521753653883934,0.3433883786201477,0.5185627341270447,-0.05850967392325401,0.3073868751525879,0.4433843195438385,0.0008201486198231578,0.3346134126186371,0.3830287754535675,-0.03814372792840004,0.31755128502845764,0.465878427028656,-0.04885447397828102,0.30472636222839355,0.534529447555542,-0.04379604756832123,0.2603002190589905,0.44432729482650757,-0.007743385620415211,0.28448614478111267,0.396038293838501,-0.04617428779602051,0.2767817974090576,0.48165425658226013,-0.04104117304086685,0.2700521945953369,0.5470139384269714,-0.023697493597865105,0.20977360010147095,0.44967740774154663,-0.018350990489125252,0.23891901969909668,0.40458592772483826,-0.04142501577734947,0.2466883361339569,0.46345752477645874,-0.03334759548306465,0.24710199236869812,0.5137036442756653,-0.018908822908997536,A
0.24720776081085205,0.6563042402267456,-2.6749964376904245e-07,0.3296072483062744,0.6160998344421387,-0.020990600809454918,0.3982991874217987,0.5242788195610046,-0.028724901378154755,0.45465412735939026,0.459261417388916,-0.039832137525081635,0.5093510746955872,0.4414557218551636,-0.04920022562146187,0.3484231233596802,0.45089781284332275,0.00467516528442502,0.3710857629776001,0.39324507117271423,-0.029730379581451416,0.3555304706096649,0.4580954909324646,-0.0508064366877079,0.34278252720832825,0.5186954736709595,-0.057538680732250214,0.30529069900512695,0.4449860155582428,0.0026128056924790144,0.33162203431129456,0.38378065824508667,-0.0361194871366024,0.31590136885643005,0.46651431918144226,-0.04735853523015976,0.3038612902164459,0.5342400670051575,-0.04287320747971535,0.2585959732532501,0.4459879398345947,-0.00636715954169631,0.28235480189323425,0.39481258392333984,-0.044247400015592575,0.27579712867736816,0.47985607385635376,-0.03936248645186424,0.26965561509132385,0.5444520115852356,-0.022454693913459778,0.20792676508426666,0.4514274001121521,-0.017421890050172806,0.23636966943740845,0.40561726689338684,-0.039936613291502,0.24459095299243927,0.46446409821510315,-0.031877677887678146,0.24509382247924805,0.5144317746162415,-0.017663950100541115,A
0.24691110849380493,0.6564120650291443,-2.714122899760696e-07,0.3289848566055298,0.6182394027709961,-0.021424679085612297,0.3981192409992218,0.5262156128883362,-0.029466191306710243,0.45303767919540405,0.4600585997104645,-0.04047521576285362,0.5071958303451538,0.44282931089401245,-0.04984751343727112,0.3477659821510315,0.4511320888996124,0.00200151139870286,0.370147168636322,0.39556658267974854,-0.03234619274735451,0.35352811217308044,0.45974284410476685,-0.05310920253396034,0.33977657556533813,0.5197988152503967,-0.059773027896881104,0.3042226731777191,0.4446480870246887,0.0002495308581274003,0.33089837431907654,0.3846026062965393,-0.03853364661335945,0.3145129084587097,0.46686655282974243,-0.04926853999495506,0.3015146255493164,0.5348759293556213,-0.04441295191645622,0.25767675042152405,0.4459931254386902,-0.008185680024325848,0.281305730342865,0.39649906754493713,-0.04605300351977348,0.27452996373176575,0.48153674602508545,-0.04090151935815811,0.26780274510383606,0.546018123626709,-0.023877115920186043,0.2074466198682785,0.45246607065200806,-0.01866031624376774,0.2355896532535553,0.4076433479785919,-0.04166003689169884,0.24407172203063965,0.466952919960022,-0.033815376460552216,0.2445329874753952,0.516596794128418,-0.01967478357255459,A
0.24952246248722076,0.6540613174438477,-2.677161035080644e-07,0.331624835729599,0.6183531880378723,-0.02221541479229927,0.4013516306877136,0.5269374251365662,-0.030440455302596092,0.4564868211746216,0.4612433612346649,-0.0414431057870388,0.51088547706604,0.44393372535705566,-0.0506686232984066,0.3521369397640228,0.4505991041660309,0.00026410844293422997,0.3745696246623993,0.3955645263195038,-0.03386422619223595,0.357586532831192,0.46019479632377625,-0.05384087935090065,0.3438895642757416,0.5199235677719116,-0.05995452031493187,0.30819207429885864,0.44415876269340515,-0.001097876694984734,0.33557599782943726,0.3840769827365875,-0.040015704929828644,0.31851378083229065,0.4667878746986389,-0.050079185515642166,0.3055194318294525,0.534949004650116,-0.04468099772930145,0.26115620136260986,0.44522592425346375,-0.009115316905081272,0.2857847809791565,0.39709556102752686,-0.04754578694701195,0.2780270278453827,0.4825401306152344,-0.04212186112999916,0.2710734009742737,0.5472769737243652,-0.02468974143266678,0.21065573394298553,0.4507844150066376,-0.01917489431798458,0.2399432361125946,0.40646567940711975,-0.04229305684566498,0.24763637781143188,0.46523982286453247,-0.03429916128516197,0.24779653549194336,0.5148140788078308,-0.02003072388470173,A
0.2528895437717438,0.6520458459854126,-2.736645967615914e-07,0.3361702859401703,0.6157829165458679,-0.02194027230143547,0.40603122115135193,0.5257884860038757,-0.030064554885029793,0.4610339105129242,0.45982450246810913,-0.041034698486328125,0.5155836939811707,0.4432379901409149,-0.050252508372068405,0.3568229377269745,0.44871649146080017,0.002107001608237624,0.37928733229637146,0.39415356516838074,-0.032547593116760254,0.36171165108680725,0.45866110920906067,-0.053461819887161255,0.3477676808834076,0.5187180638313293,-0.06007617339491844,0.3130229711532593,0.4422112703323364,0.0007617335650138557,0.34046903252601624,0.3821210563182831,-0.038657307624816895,0.32266703248023987,0.4645863175392151,-0.04956476762890816,0.30922725796699524,0.5328832268714905,-0.044525619596242905,0.26619189977645874,0.44314664602279663,-0.007351001724600792,0.2907080352306366,0.3944161534309387,-0.04610298201441765,0.28279128670692444,0.47948217391967773,-0.04126325249671936,0.2758798897266388,0.5443632006645203,-0.024005692452192307,0.21563905477523804,0.4487517476081848,-0.017476748675107956,0.24552911520004272,0.4043416976928711,-0.04072793573141098,0.25299355387687683,0.4634019434452057,-0.032944075763225555,0.25288477540016174,0.5132556557655334,-0.0186732467263937,A
0.2547612190246582,0.6538666486740112,-2.7220701781516254e-07,0.3376764953136444,0.616866946220398,-0.021681081503629684,0.40695080161094666,0.527675211429596,-0.030044065788388252,0.4619709253311157,0.46239015460014343,-0.041399940848350525,0.5167580842971802,0.4452795088291168,-0.050974659621715546,0.35866960883140564,0.4500730335712433,0.00210349983535707,0.3810426592826843,0.3950951397418976,-0.03281816095113754,0.36360102891921997,0.45957016944885254,-0.05378178879618645,0.3497176766395569,0.5200255513191223,-0.06031280383467674,0.3145711123943329,0.4434249997138977,0.0004815882712136954,0.3415338397026062,0.3836139142513275,-0.03892333060503006,0.3241457939147949,0.4659857749938965,-0.04982344061136246,0.3109002113342285,0.534437894821167,-0.044867660850286484,0.26755377650260925,0.44413962960243225,-0.007912353612482548,0.29185372591018677,0.3958166837692261,-0.04656005650758743,0.28433141112327576,0.48073944449424744,-0.04165062680840492,0.2775624394416809,0.545829176902771,-0.02441621571779251,0.21693313121795654,0.4496210515499115,-0.018314197659492493,0.24709896743297577,0.4046480059623718,-0.04118563234806061,0.25451505184173584,0.46334317326545715,-0.03308738395571709,0.2539098858833313,0.5133232474327087,-0.018663642928004265,A
0.253935843706131,0.6566746830940247,-2.763520967619115e-07,0.33702561259269714,0.6195598840713501,-0.021660886704921722,0.406682550907135,0.5290520787239075,-0.029797498136758804,0.4619520902633667,0.4642128050327301,-0.04087129980325699,0.5163998603820801,0.4465976655483246,-0.05007226765155792,0.3582417070865631,0.451661616563797,0.0019901013001799583,0.38075581192970276,0.39717036485671997,-0.03315861150622368,0.363469660282135,0.461997926235199,-0.05425834655761719,0.3497447967529297,0.5225276350975037,-0.060811400413513184,0.31405824422836304,0.44497811794281006,0.0003611341817304492,0.3413001000881195,0.3850417137145996,-0.0392937995493412,0.3240754306316376,0.4675736129283905,-0.05019862949848175,0.3108952045440674,0.5362399220466614,-0.045107875019311905,0.26702573895454407,0.4458300471305847,-0.008063136599957943,0.29134196043014526,0.397734135389328,-0.0467698760330677,0.2841446101665497,0.48255693912506104,-0.04181397333741188,0.2775352895259857,0.547633171081543,-0.024486975744366646,0.21644675731658936,0.451488733291626,-0.018521741032600403,0.24626097083091736,0.4070688486099243,-0.04150641709566116,0.25394105911254883,0.4658021330833435,-0.03351536765694618,0.2537158131599426,0.5158513188362122,-0.019085969775915146,A
0.2559898793697357,0.655220091342926,-2.815601192196482e-07,0.338695764541626,0.618427038192749,-0.021350817754864693,0.4079769551753998,0.529883861541748,-0.029515473172068596,0.4627811908721924,0.4643358886241913,-0.04055421054363251,0.5170713663101196,0.44602856040000916,-0.04979671910405159,0.3604589104652405,0.45092231035232544,0.001613382250070572,0.38238799571990967,0.3962939381599426,-0.032912835478782654,0.3647769093513489,0.4603500962257385,-0.053632114082574844,0.35084161162376404,0.5208422541618347,-0.06012607365846634,0.31636056303977966,0.44420239329338074,-7.32636108295992e-05,0.34261634945869446,0.38453438878059387,-0.03906157240271568,0.3253389596939087,0.466516375541687,-0.049823109060525894,0.312351793050766,0.5349543690681458,-0.04492545872926712,0.2694961428642273,0.4452416002750397,-0.008385343477129936,0.29272764921188354,0.39726048707962036,-0.046667326241731644,0.28571462631225586,0.48154059052467346,-0.041781362146139145,0.27937817573547363,0.5462784767150879,-0.024773508310317993,0.2189590483903885,0.4515652060508728,-0.018657119944691658,0.24821589887142181,0.40664413571357727,-0.041696492582559586,0.25601518154144287,0.46513107419013977,-0.033796947449445724,0.2558998763561249,0.5150445103645325,-0.019523650407791138,A
0.25628456473350525,0.6577862501144409,-2.685072217900597e-07,0.33972638845443726,0.6205602884292603,-0.02167571522295475,0.41018566489219666,0.5312978625297546,-0.03001522086560726,0.4654254913330078,0.4660604000091553,-0.04135451465845108,0.5197150707244873,0.44865351915359497,-0.05083469673991203,0.3606562614440918,0.4531521201133728,0.002535722218453884,0.3839084208011627,0.3977368474006653,-0.03258844465017319,0.3669288158416748,0.46241456270217896,-0.053783245384693146,0.35312357544898987,0.5232812762260437,-0.06043991819024086,0.3165951073169708,0.44620487093925476,0.0008598492131568491,0.3445369601249695,0.3863544762134552,-0.038865428417921066,0.3270540237426758,0.4690743088722229,-0.04994723200798035,0.31363537907600403,0.5376477837562561,-0.04492892697453499,0.26965320110321045,0.4467550814151764,-0.007650095038115978,0.29457539319992065,0.3983055651187897,-0.04644868150353432,0.2869148254394531,0.48315882682800293,-0.041649945080280304,0.2800321578979492,0.5479943156242371,-0.024395376443862915,0.2190932035446167,0.452353298664093,-0.018175197765231133,0.24963706731796265,0.4078153669834137,-0.04129984974861145,0.2568807899951935,0.46697157621383667,-0.03337379917502403,0.25628194212913513,0.5169874429702759,-0.018943116068840027,A
0.2535080909729004,0.6589624285697937,-2.634362772369059e-07,0.3365573287010193,0.6206403970718384,-0.021724315360188484,0.40631458163261414,0.5318648815155029,-0.030374636873602867,0.4625122547149658,0.4672420620918274,-0.04214330390095711,0.5176889896392822,0.4491148591041565,-0.05203061178326607,0.3577074706554413,0.4537396728992462,0.0034996778704226017,0.380506306886673,0.3972139060497284,-0.03190544247627258,0.36449888348579407,0.4619517922401428,-0.05370417237281799,0.3512483239173889,0.5234688520431519,-0.0607917346060276,0.3137426972389221,0.446630597114563,0.0017096108058467507,0.3410358428955078,0.3856546878814697,-0.03812728077173233,0.32501864433288574,0.4684969186782837,-0.049806468188762665,0.3122194707393646,0.5372267961502075,-0.045288704335689545,0.2667073905467987,0.44701847434043884,-0.006988020613789558,0.29105323553085327,0.3973822593688965,-0.045893412083387375,0.2845050096511841,0.4827827513217926,-0.0412619411945343,0.27806276082992554,0.5478061437606812,-0.02417668141424656,0.21578121185302734,0.45279914140701294,-0.017739856615662575,0.24557910859584808,0.4084998369216919,-0.04121219366788864,0.2536112666130066,0.4683424234390259,-0.03346449136734009,0.25354427099227905,0.5184575319290161,-0.01911657303571701,A
0.2501223087310791,0.6598730683326721,-2.658366611285601e-07,0.33340659737586975,0.6211262941360474,-0.02152269147336483,0.4029218256473541,0.5311033725738525,-0.029622342437505722,0.4588994085788727,0.4664159417152405,-0.0408327579498291,0.5131964087486267,0.4483380615711212,-0.050095099955797195,0.3538244068622589,0.45435965061187744,0.00266776024363935,0.3767803907394409,0.39771926403045654,-0.03233734890818596,0.3609766960144043,0.4625401198863983,-0.05337003245949745,0.34774139523506165,0.5234870910644531,-0.05999897047877312,0.3099905252456665,0.4475342929363251,0.0008415179327130318,0.33724865317344666,0.38633131980895996,-0.03892969340085983,0.321307897567749,0.46884873509407043,-0.050236545503139496,0.3083568811416626,0.5372424721717834,-0.045607615262269974,0.2629307508468628,0.4477751851081848,-0.007835853844881058,0.2873772382736206,0.39783912897109985,-0.046868696808815,0.28100618720054626,0.4830145835876465,-0.042228709906339645,0.2743672728538513,0.548473060131073,-0.025191793218255043,0.21184736490249634,0.4529459476470947,-0.018553368747234344,0.2420434206724167,0.40871644020080566,-0.042254846543073654,0.25066888332366943,0.4677909314632416,-0.034832317382097244,0.2507774531841278,0.5180456638336182,-0.020800016820430756,A
0.24804624915122986,0.6610428690910339,-2.6507896677685494e-07,0.33157259225845337,0.6221310496330261,-0.021048834547400475,0.4006955623626709,0.5320621132850647,-0.02917715348303318,0.45661085844039917,0.46726009249687195,-0.04069935530424118,0.5115049481391907,0.45014795660972595,-0.050532784312963486,0.35146400332450867,0.4551442861557007,0.004384989850223064,0.37449729442596436,0.3987012505531311,-0.031143201515078545,0.3581136465072632,0.46311670541763306,-0.05313922464847565,0.3444669842720032,0.5245877504348755,-0.060342103242874146,0.30769774317741394,0.4486348032951355,0.0021826731972396374,0.33474937081336975,0.3880072236061096,-0.03811962530016899,0.31838253140449524,0.47029659152030945,-0.05024964362382889,0.30527183413505554,0.5391083359718323,-0.045930854976177216,0.2607446312904358,0.44946855306625366,-0.0069409385323524475,0.28514334559440613,0.39973947405815125,-0.046426404267549515,0.2784273624420166,0.4850795567035675,-0.042245104908943176,0.27174368500709534,0.5503837466239929,-0.025253424420952797,0.20995047688484192,0.45529061555862427,-0.018050437793135643,0.23980900645256042,0.40999743342399597,-0.04186845198273659,0.24791927635669708,0.469539999961853,-0.03430692479014397,0.24782249331474304,0.5200698375701904,-0.020016614347696304,A
0.247629314661026,0.6629961729049683,-2.7115180500913993e-07,0.3305233120918274,0.6241713166236877,-0.02196677215397358,0.3998563587665558,0.5346755385398865,-0.03065853752195835,0.45543372631073,0.4687505066394806,-0.04239968582987785,0.5105279088020325,0.45091336965560913,-0.0523134283721447,0.3511677384376526,0.4582017660140991,0.0025154752656817436,0.3733309507369995,0.4012012183666229,-0.03289224952459335,0.3566310703754425,0.46547749638557434,-0.05425087362527847,0.3433687686920166,0.5267436504364014,-0.06102810427546501,0.3073074221611023,0.4514577090740204,0.0007333557005040348,0.33371198177337646,0.39010414481163025,-0.03959987685084343,0.3170345723628998,0.47233858704566956,-0.05122530832886696,0.3043186068534851,0.5410967469215393,-0.04653811827301979,0.26035648584365845,0.45199549198150635,-0.007919719442725182,0.2834969162940979,0.4023253321647644,-0.04722549393773079,0.2767848074436188,0.48713311553001404,-0.042776890099048615,0.27073153853416443,0.5521001815795898,-0.025696028023958206,0.20962965488433838,0.4573362171649933,-0.018612375482916832,0.23811329901218414,0.41125187277793884,-0.042123325169086456,0.2460383176803589,0.47013771533966064,-0.03441062569618225,0.2462361603975296,0.5203371644020081,-0.020096369087696075,A
0.24732178449630737,0.6650890111923218,-2.642419190124201e-07,0.3300490081310272,0.6264218091964722,-0.021301807835698128,0.3997570872306824,0.5355645418167114,-0.02906855009496212,0.45520976185798645,0.47081446647644043,-0.04002132639288902,0.5096583366394043,0.4529077410697937,-0.04915609210729599,0.35017576813697815,0.4601213335990906,0.004109522327780724,0.37257686257362366,0.40240976214408875,-0.029741788282990456,0.35612305998802185,0.4663729965686798,-0.05027497559785843,0.342809796333313,0.5264886617660522,-0.05679025128483772,0.3066544234752655,0.45334917306900024,0.0023546551819890738,0.33253154158592224,0.39187949895858765,-0.036201681941747665,0.31636959314346313,0.47386229038238525,-0.047491613775491714,0.30393826961517334,0.5414049029350281,-0.04308464378118515,0.2598089873790741,0.4535592198371887,-0.0062210438773036,0.28289079666137695,0.4024142026901245,-0.043951671570539474,0.2763632535934448,0.48728126287460327,-0.03949403762817383,0.27004674077033997,0.5521125197410583,-0.022956673055887222,0.20933064818382263,0.4580387473106384,-0.01687476970255375,0.23702481389045715,0.41202273964881897,-0.03960546851158142,0.2453973889350891,0.470498263835907,-0.03220510110259056,0.2458435595035553,0.5204066634178162,-0.018434643745422363,A
0.24827712774276733,0.6613020896911621,-2.7588910711529024e-07,0.33140847086906433,0.6236715316772461,-0.020887719467282295,0.4014380872249603,0.5323569178581238,-0.02830532193183899,0.4570687413215637,0.46665048599243164,-0.038804132491350174,0.5106804966926575,0.44900277256965637,-0.047480758279561996,0.3507353365421295,0.45601940155029297,0.002851007506251335,0.3743452727794647,0.39863985776901245,-0.03029545024037361,0.35794365406036377,0.4637966752052307,-0.049963146448135376,0.34393811225891113,0.5241715908050537,-0.05602658912539482,0.30730298161506653,0.44955357909202576,0.0011137280380353332,0.33455362915992737,0.38819798827171326,-0.036301273852586746,0.31821829080581665,0.47094422578811646,-0.04650847241282463,0.30519983172416687,0.5383060574531555,-0.04169449582695961,0.2607552707195282,0.45045554637908936,-0.007240387611091137,0.2849844992160797,0.3998928368091583,-0.04397153481841087,0.2778915762901306,0.48512202501296997,-0.03856905922293663,0.270702987909317,0.5495806932449341,-0.021782342344522476,0.21063408255577087,0.45585060119628906,-0.017635434865951538,0.2396050989627838,0.40937942266464233,-0.03950916603207588,0.24717950820922852,0.46757617592811584,-0.03130587562918663,0.2467237412929535,0.5170698761940002,-0.017269760370254517,A
0.24725618958473206,0.6600316166877747,-2.6642638317753153e-07,0.3307495713233948,0.6212198138237,-0.020694177597761154,0.3993980288505554,0.5316004157066345,-0.028179675340652466,0.45496058464050293,0.46696335077285767,-0.03917722404003143,0.5089954137802124,0.4481665790081024,-0.04849964380264282,0.3496934473514557,0.4568053185939789,0.004894104786217213,0.37269091606140137,0.39930710196495056,-0.03005523793399334,0.3568091094493866,0.46312275528907776,-0.051572754979133606,0.3438774645328522,0.5237261652946472,-0.05848218873143196,0.30612656474113464,0.45075178146362305,0.0027348967269062996,0.33368125557899475,0.3890738785266876,-0.03710862994194031,0.3172975182533264,0.4708825647830963,-0.049168530851602554,0.3044006824493408,0.5390591025352478,-0.04496914520859718,0.25942349433898926,0.4514849781990051,-0.006300718989223242,0.28417885303497314,0.4001365303993225,-0.04515650495886803,0.277351051568985,0.4841591417789459,-0.040936026722192764,0.2705371081829071,0.5491777658462524,-0.024130331352353096,0.20890918374061584,0.45624202489852905,-0.01733746938407421,0.23850315809249878,0.4089096486568451,-0.04045562446117401,0.24659621715545654,0.46651408076286316,-0.03274327144026756,0.24638158082962036,0.5168954133987427,-0.018566317856311798,A
0.24693399667739868,0.6608858108520508,-2.791726387840754e-07,0.329720675945282,0.6220698356628418,-0.02136336825788021,0.3984268307685852,0.5332530736923218,-0.02964438684284687,0.4544346332550049,0.4683469235897064,-0.04101799055933952,0.5086640119552612,0.4492844343185425,-0.05059412866830826,0.35002264380455017,0.4573758542537689,0.002103143371641636,0.37194693088531494,0.3998100459575653,-0.032410889863967896,0.35508158802986145,0.46453607082366943,-0.0530434176325798,0.3417782187461853,0.5252558588981628,-0.05956251174211502,0.3060167133808136,0.45046934485435486,0.0003246549458708614,0.3320574462413788,0.38890203833580017,-0.03887362778186798,0.3156217634677887,0.4713950455188751,-0.04981153830885887,0.30325716733932495,0.5391892194747925,-0.04513082653284073,0.2591046690940857,0.4511292278766632,-0.008132408373057842,0.28215670585632324,0.40145188570022583,-0.046529028564691544,0.27532002329826355,0.4863187074661255,-0.041429635137319565,0.26918962597846985,0.5505928993225098,-0.0243473332375288,0.2084415853023529,0.4566211700439453,-0.018587052822113037,0.2371198534965515,0.4113955497741699,-0.04152054339647293,0.24480296671390533,0.4703453481197357,-0.033378966152668,0.24487221240997314,0.5199082493782043,-0.019034145399928093,A
0.24731150269508362,0.6608585119247437,-2.696559988635272e-07,0.3297065198421478,0.6241027116775513,-0.021750273182988167,0.3986052870750427,0.53327876329422,-0.0297941155731678,0.45370298624038696,0.4678418040275574,-0.040855955332517624,0.5080165863037109,0.45028772950172424,-0.05018065124750137,0.3495391011238098,0.45793095231056213,0.0016984491376206279,0.3717140853404999,0.4002949297428131,-0.03301682323217392,0.3552680015563965,0.46395349502563477,-0.05377564951777458,0.3419553339481354,0.5250837802886963,-0.06031019985675812,0.30560579895973206,0.45193177461624146,0.00012429984053596854,0.33176136016845703,0.3897227346897125,-0.03946832939982414,0.3154538571834564,0.4716687500476837,-0.05055079236626625,0.3028077185153961,0.5402327179908752,-0.04588306322693825,0.25869643688201904,0.4528570771217346,-0.008214042522013187,0.28231096267700195,0.4011691212654114,-0.04703376814723015,0.27562278509140015,0.485989511013031,-0.04234345629811287,0.26920801401138306,0.5514143109321594,-0.025413090363144875,0.20820528268814087,0.4578801095485687,-0.01858682930469513,0.2370481789112091,0.4112030863761902,-0.041956644505262375,0.2451590895652771,0.4690740406513214,-0.034471455961465836,0.2452450692653656,0.5189640522003174,-0.020607002079486847,A
0.24702568352222443,0.662063479423523,-2.6832702815227094e-07,0.32990601658821106,0.6242541074752808,-0.021808955818414688,0.39863675832748413,0.5330044627189636,-0.02978591062128544,0.4536287784576416,0.46719762682914734,-0.040876034647226334,0.5081875324249268,0.4495314359664917,-0.05018516257405281,0.34923097491264343,0.4575870931148529,0.003247929271310568,0.3718145191669464,0.4012671709060669,-0.03216224163770676,0.35558685660362244,0.46544957160949707,-0.053718797862529755,0.3423917293548584,0.526715874671936,-0.06060384586453438,0.3054279386997223,0.4513091444969177,0.0015718890354037285,0.33241817355155945,0.3893522620201111,-0.03879847005009651,0.3162074685096741,0.47126948833465576,-0.05066024139523506,0.3034040927886963,0.5399979948997498,-0.046144817024469376,0.25860878825187683,0.4521602392196655,-0.007023226004093885,0.2825929820537567,0.4007612466812134,-0.04649168252944946,0.2762013077735901,0.4852902293205261,-0.04228466749191284,0.26996222138404846,0.5505142211914062,-0.025325756520032883,0.20817820727825165,0.4574270248413086,-0.017660364508628845,0.23735740780830383,0.41079577803611755,-0.041441041976213455,0.24549725651741028,0.4693416655063629,-0.03407153859734535,0.24560441076755524,0.5197369456291199,-0.0200278889387846,A
